date,actual,yesterday,last_week,trailing_7day,calendar_only,calendar_plus_lags,plus_temperature,sarimax
2024-02-05,294.3,275.2,282.8,289.54285714285714,259.80413686098143,284.7124141782963,284.3707858064475,290.73782971037053
2024-02-06,301.4,294.3,291.2,291.18571428571425,262.0938905584682,295.4819643074918,296.67404883152375,293.255722381249
2024-02-07,301.1,301.4,293.0,292.6428571428572,262.6961972943796,300.84026744970265,302.22718508880655,294.97991620556877
2024-02-08,306.1,301.1,293.4,293.8,262.7259570834533,299.6584183223383,301.4811330935543,295.56387570034553
2024-02-09,308.1,306.1,296.6,295.61428571428576,263.43550739384335,305.51328108966777,306.3573697327815,295.75533600583555
2024-02-10,301.0,308.1,294.6,297.25714285714287,260.19203240259696,303.53961959871344,302.61708816448095,290.7509498795312
2024-02-11,284.9,301.0,275.2,298.1714285714285,249.20767507705415,287.13448695276816,286.10418899552315,271.88383049815087
2024-02-12,301.6,284.9,294.3,299.5571428571429,259.9377350098312,294.08677001578565,293.6340321777703,288.1186439944796
2024-02-13,306.6,301.6,301.4,300.6,262.227488707318,302.4046702874422,301.6109631987012,291.22510346082237
2024-02-14,309.8,306.6,301.1,301.3428571428572,262.8297954432294,305.5473798110959,304.581739112594,293.4494337385118
2024-02-15,309.1,309.8,306.1,302.5857142857143,262.85955523230314,308.34592925442325,307.3877306350625,294.451076364767
2024-02-16,305.7,309.1,308.1,303.0142857142858,263.56910554269314,308.56825923261135,306.4400018706636,294.99127638808346
2024-02-17,302.2,305.7,301.0,302.6714285714285,260.32563055144675,300.951932613737,300.83343792127033,290.26267378581923
2024-02-18,291.0,302.2,284.9,302.8428571428572,249.34127322590396,288.62244710350626,289.47386582443954,271.58110725576796
2024-02-19,308.6,291.0,301.6,303.7142857142857,260.071333158681,300.32745195608027,299.85196430371406,288.0689967892619
2024-02-20,312.5,308.6,306.6,304.7142857142857,262.36108685616784,309.3376493992788,309.2983362241847,291.354930150097
2024-02-21,312.8,312.5,309.8,305.5571428571429,262.96339359207917,311.72381281013645,312.1507081989749,293.72811566728916
2024-02-22,311.1,312.8,309.1,305.9857142857143,262.9931533811529,311.1445286030129,311.964186810467,294.8515374407932
2024-02-23,316.0,311.1,305.7,306.2714285714286,263.702703691543,309.8232605367092,311.0595138288118,295.49260394260716
2024-02-24,314.0,316.0,302.2,307.74285714285713,260.45922870029653,310.63329717433544,310.6533432445455,290.8324378738439
2024-02-25,296.6,314.0,291.0,309.42857142857144,249.47487137475377,300.0824326343693,300.4244910124666,272.162963652933
2024-02-26,309.3,296.6,308.6,310.22857142857146,260.20493130753084,305.6648795103923,305.23862577157075,288.759252911324
2024-02-27,318.8,309.3,312.5,310.3285714285715,262.49468500501763,309.7802641562986,309.21378973054215,292.1036482957641
2024-02-28,319.5,318.8,312.8,311.2285714285714,263.09699174092896,317.4805790503218,318.2646136532541,294.52455068379254
2024-02-29,320.9,319.5,311.1,312.1857142857143,263.1267515300027,317.11612497405815,317.46349062641974,295.68521814305075
2024-03-01,322.4,320.9,316.0,313.5857142857143,273.47510237887855,320.13787181157227,318.09438843489414,296.35650038471465
2024-03-02,317.8,322.4,314.0,314.5,270.23162738763216,317.77631995000365,315.85457231918076,291.70567668511916
2024-03-03,303.6,317.8,296.6,315.04285714285714,259.24727006208934,304.1485004623962,302.5614188064312,272.998769358858
2024-03-04,323.1,303.6,309.3,316.04285714285714,269.9773299948664,312.40409104408764,312.94293284030965,289.6623689926365
2024-03-05,325.7,323.1,318.8,318.0142857142857,272.26708369235325,323.6382520276054,323.7003450450729,293.03078803391907
2024-03-06,323.9,325.7,319.5,319.0,272.8693904282646,324.4362628717853,324.69001191179126,295.47062230432874
2024-03-07,326.1,323.9,320.9,319.62857142857143,272.89915021733833,321.9347284694388,322.33943839641194,296.64447064484614
2024-03-08,328.9,326.1,322.4,320.37142857142857,273.6087005277284,324.9685454340953,324.1743609656909,297.3258539348485
2024-03-09,322.7,328.9,317.8,321.3,270.36522553648194,323.6400903166932,322.5535111646672,292.66751325207537
2024-03-10,307.3,322.7,303.6,322.0,259.3808682109392,308.7133518715906,307.68987004832843,273.90894427068554
2024-03-11,325.5,307.3,323.1,322.52857142857147,270.11092814371625,316.54481453380436,316.39638501527355,290.6282648239557
2024-03-12,328.7,325.5,325.7,322.87142857142857,272.40068184120304,326.0111695693738,325.90852173478055,294.0109230700255
2024-03-13,330.5,328.7,323.9,323.3,273.00298857711437,327.23924751746915,327.52618830168336,296.4615084652739
2024-03-14,329.1,330.5,326.1,324.24285714285713,273.0327483661881,328.3874895653473,328.05314840064545,297.64169262019465
2024-03-15,329.7,329.1,328.9,324.6714285714285,273.7422986765782,327.9899297996517,328.5137172878291,298.3274534672826
2024-03-16,322.4,329.7,322.7,324.7857142857143,270.4988236853318,324.41313012205194,325.8040797511128,293.6567635892088
2024-03-17,309.5,322.4,307.3,324.74285714285713,259.51446635978897,308.3732947062339,308.93617284087884,274.84235553061467
2024-03-18,327.7,309.5,325.5,325.0571428571429,270.24452629256604,318.6142144641651,319.4500311575536,291.6142085927784
2024-03-19,326.4,327.7,328.7,325.37142857142857,272.5342799900528,328.14745242021104,328.20645649120667,295.0083423718001
2024-03-20,328.1,326.4,330.5,325.04285714285714,273.1365867259642,325.34886744845176,326.48144011256886,297.4673656644595
2024-03-21,323.8,328.1,329.1,324.7,273.16634651503796,326.2240036228877,324.3796322938539,298.6519442667635
2024-03-22,331.4,323.8,329.7,323.9428571428571,273.87589682542796,322.870888746529,322.84101954805504,299.3404573850143
2024-03-23,324.0,331.4,322.4,324.1857142857143,270.63242183418157,326.1904120850404,326.42839487161433,294.65601098050377
2024-03-24,309.2,324.0,309.5,324.4142857142857,259.64806450863875,310.267546454127,311.20624318447284,275.78444830425707
2024-03-25,318.1,309.2,327.7,324.37142857142857,266.05982180667314,313.26257893718946,314.857406165237,292.6080381784787
2024-03-26,324.7,318.1,326.4,323.0,272.66787813890267,318.64480511034833,320.4634805849709,296.01288320005256
2024-03-27,330.6,324.7,328.1,322.75714285714287,273.270184874814,323.7572399127207,324.7098848999978,298.479702113252
2024-03-28,328.9,330.6,323.8,323.11428571428576,273.2999446638877,328.4394807844461,329.4959725018098,299.668130249868
2024-03-29,330.9,328.9,331.4,323.8428571428572,269.69119233953506,322.79918611960886,324.6622022882804,300.35893741598494
2024-03-30,327.4,330.9,324.0,323.7714285714286,270.76601998303136,325.92644400300287,327.4716089008845,295.66030236373376
2024-03-31,309.1,327.4,309.2,324.25714285714287,259.7816626574886,313.68284531371876,315.02852886352997,276.7310841236352
2024-04-01,325.2,309.1,318.1,324.24285714285713,258.55354854727386,316.17738794380114,316.4724833701195,293.60629683147766
2024-04-02,332.3,325.2,324.7,325.25714285714287,260.8433022447607,323.8451230222373,324.7694618973476,297.0216582399098
2024-04-03,334.3,332.3,330.6,326.3428571428572,261.4456089806721,329.6881046241998,330.20456438036956,299.49610638484506
2024-04-04,334.1,334.3,328.9,326.87142857142857,261.4753687697458,330.6966334532276,330.9340609875468,300.68823683607144
2024-04-05,336.9,334.1,330.9,327.61428571428576,262.18491908013584,331.37185730946624,332.76355836568825,301.3812121860454
2024-04-06,329.7,336.9,327.4,328.4714285714286,258.9414440888894,330.16900954661287,331.3816589416591,296.66823397986803
2024-04-07,316.3,329.7,309.1,328.8,247.95708676334664,313.8697368877089,314.9662163696237,277.68109081545083
2024-04-08,331.7,316.3,325.2,329.8285714285715,258.6871466961237,323.2779750292548,324.340533048444,294.6080068566851
2024-04-09,312.9,331.7,332.3,330.75714285714287,256.6585977588678,324.9145307821135,323.88194881030927,298.0338520243561
2024-04-10,320.2,312.9,334.3,327.9857142857143,261.5792071295219,310.33634002155975,310.61357189518856,300.5158985817346
2024-04-11,319.4,320.2,334.1,325.9714285714286,257.2906642838529,311.82971004002195,311.7856483527317,301.71169740362507
2024-04-12,316.8,319.4,336.9,323.87142857142857,262.3185172289856,317.82508270339304,316.6283629954131,302.4068097337741
2024-04-13,301.3,316.8,329.7,321.0,259.07504223773924,311.3986326571511,310.7146422432254,297.6794128278166
2024-04-14,287.4,301.3,316.3,316.9428571428571,243.77238227745374,282.5669270308025,282.7517994663079,278.6341409394541
2024-04-15,311.2,287.4,331.7,312.8142857142857,258.8207448449735,297.6028785978499,298.6836811317689,295.6128965414142
2024-04-16,324.1,311.2,312.9,309.88571428571424,261.1104985424603,310.98165714411914,311.7994271190719,299.0492391084998
2024-04-17,328.3,324.1,320.2,311.4857142857143,257.394502643629,317.32160577767377,319.0108744320836,301.538891915963
2024-04-18,316.7,328.3,319.4,312.6428571428572,261.7425650674454,325.9283573868588,327.76331335851336,302.7383574466153
2024-04-19,298.6,316.7,316.8,312.2571428571428,262.4521153778354,314.85194342879356,317.61189423783696,303.43560252394315
2024-04-20,276.0,298.6,301.3,309.65714285714284,259.208640386589,291.95129259040334,294.66029184437167,298.69373376133757
2024-04-21,272.6,276.0,287.4,306.04285714285714,243.90598042630356,255.86676277437886,259.36035578625524,279.59014763004063
2024-04-22,295.2,272.6,311.2,303.92857142857144,258.9543429938233,282.00660624229,285.74315478947796,296.62089523657295
2024-04-23,307.8,295.2,324.1,301.6428571428572,261.2440966913101,297.3760165275703,300.03143908889695,300.06776208917586
2024-04-24,313.5,307.8,328.3,299.3142857142857,261.84640342722145,309.1021926381968,310.6463658777688,302.56504004359783
2024-04-25,322.6,313.5,316.7,297.2,261.8761632162952,313.212131274582,315.19220448831487,303.76817983859735
2024-04-26,304.7,322.6,298.6,298.04285714285714,262.58571352668525,321.12231534691296,322.28946767902863,304.4675611248146
2024-04-27,319.4,304.7,276.0,298.9142857142857,259.3422385354388,297.139463646787,299.9688885419942,299.7111736275251
2024-04-28,309.9,319.4,272.6,305.11428571428576,248.35788120989605,303.4651939006261,306.5057514252979,280.5490925497367
