date,holiday,demand,normal,diff_pct
2013-04-11,Ugadi,162.4,162.5,-0.1
2013-04-14,Dr. B. R. Ambedkar's Jayanti,167.2,159.0,5.1
2013-04-19,Ram Navami,166.7,158.9,4.9
2013-04-24,Mahavir Jayanti,164.2,164.6,-0.3
2013-05-25,Buddha Purnima,159.0,148.8,6.8
2013-08-09,Id-ul-Fitr,146.3,147.1,-0.5
2013-08-15,Independence Day,145.5,145.0,0.3
2013-10-02,Mahatma Gandhi's Jayanti,147.8,139.4,6.0
2013-10-13,Dussehra,151.9,136.2,11.5
2013-10-16,Id-ul-Zuha (Bakrid),155.4,149.4,4.0
2013-11-01,Karnataka Rajyotsava,144.4,161.4,-10.5
2013-11-03,Diwali (Deepavali),136.3,145.2,-6.1
2013-11-14,Muharram,172.4,158.7,8.6
2013-11-17,Guru Nanak's Jayanti,150.2,151.0,-0.5
2013-12-25,Christmas,172.0,172.7,-0.4
2014-01-14,Milad-un-Nabi,181.5,181.2,0.2
2014-01-26,Republic Day,173.2,177.0,-2.1
2014-03-17,Holi,189.5,188.2,0.7
2014-03-31,Ugadi,194.8,188.7,3.2
2014-04-08,Ram Navami,201.2,192.2,4.7
2014-04-13,Mahavir Jayanti,182.4,177.6,2.7
2014-04-14,Dr. B. R. Ambedkar's Jayanti,190.0,187.8,1.1
2014-04-18,Good Friday,168.2,182.0,-7.6
2014-05-14,Buddha Purnima,175.4,167.4,4.8
2014-07-29,Id-ul-Fitr,155.2,154.4,0.5
2014-08-15,Independence Day,157.2,147.3,6.7
2014-08-18,Janmashtami (Vaishnava),158.3,145.9,8.5
2014-10-02,Mahatma Gandhi's Jayanti,139.9,153.9,-9.1
2014-10-03,Dussehra,141.7,153.6,-7.8
2014-10-06,Id-ul-Zuha (Bakrid),140.6,148.9,-5.6
2014-10-23,Diwali (Deepavali),151.6,150.5,0.7
2014-11-01,Karnataka Rajyotsava,140.3,149.0,-5.9
2014-11-04,Muharram,161.0,155.5,3.6
2014-11-06,Guru Nanak's Jayanti,166.9,158.3,5.5
2014-12-25,Christmas,172.3,170.9,0.8
2015-01-04,Milad-un-Nabi,167.4,166.8,0.3
2015-01-26,Republic Day,172.0,183.2,-6.1
2015-03-06,Holi,183.1,200.0,-8.4
2015-03-21,Ugadi,193.6,188.1,2.9
2015-03-28,Ram Navami,202.9,182.5,11.2
2015-04-02,Mahavir Jayanti,199.0,190.0,4.7
2015-04-03,Good Friday,197.4,187.1,5.5
2015-04-14,Dr. B. R. Ambedkar's Jayanti,161.9,188.8,-14.2
2015-05-04,Buddha Purnima,170.6,169.9,0.4
2015-07-18,Id-ul-Fitr,173.4,169.5,2.3
2015-08-15,Independence Day,159.8,164.6,-2.9
2015-09-25,Id-ul-Zuha (Bakrid),152.1,143.6,5.9
2015-10-02,Mahatma Gandhi's Jayanti,141.0,146.8,-3.9
2015-10-22,Dussehra,163.6,149.1,9.7
2015-10-24,Muharram,162.4,152.8,6.3
2015-11-01,Karnataka Rajyotsava,164.6,149.9,9.8
2015-11-11,Diwali (Deepavali),152.7,160.6,-4.9
2015-11-25,Guru Nanak's Jayanti,154.8,160.6,-3.6
2015-12-24,Milad-un-Nabi,172.1,174.2,-1.2
2015-12-25,Christmas,170.4,172.3,-1.1
2016-01-26,Republic Day,178.4,189.8,-6.0
2016-03-24,Holi,209.5,206.6,1.4
2016-04-08,Ugadi,200.6,204.9,-2.1
2016-04-14,Dr. B. R. Ambedkar's Jayanti,209.5,208.1,0.7
2016-04-15,Ram Navami,200.6,202.1,-0.8
2016-04-20,Mahavir Jayanti,212.6,203.5,4.5
2016-05-21,Buddha Purnima,180.9,171.3,5.6
2016-08-15,Independence Day,163.7,166.2,-1.5
2016-08-25,Janmashtami (Vaishnava),196.7,176.9,11.2
2016-09-12,Id-ul-Zuha (Bakrid),196.8,181.3,8.5
2016-10-02,Mahatma Gandhi's Jayanti,165.4,182.2,-9.2
2016-10-11,Dussehra,177.3,192.6,-7.9
2016-10-12,Muharram,180.5,190.9,-5.4
2016-10-30,Diwali (Deepavali),197.0,191.4,2.9
2016-11-14,Guru Nanak's Jayanti,198.6,197.3,0.7
2016-12-13,Milad-un-Nabi,155.0,195.6,-20.7
2016-12-25,Christmas,178.6,175.8,1.6
2017-01-26,Republic Day,191.6,204.2,-6.2
2017-02-24,Maha Shivaratri,221.6,215.6,2.8
2017-03-13,Holi,215.3,215.6,-0.1
2017-03-28,Ugadi,229.2,213.8,7.2
2017-04-04,Ram Navami,222.4,213.3,4.3
2017-04-09,Mahavir Jayanti,202.1,201.6,0.3
2017-04-14,Dr. B. R. Ambedkar's Jayanti; Good Friday,215.9,214.5,0.7
2017-05-10,Buddha Purnima,182.9,191.3,-4.4
2017-06-26,Id-ul-Fitr,150.4,170.2,-11.6
2017-08-15,Independence Day,164.0,178.3,-8.0
2017-09-02,Id-ul-Zuha (Bakrid),169.0,158.3,6.8
2017-09-30,Dussehra,115.2,145.4,-20.8
2017-10-01,Muharram,113.1,134.0,-15.6
2017-10-02,Mahatma Gandhi's Jayanti,114.9,143.1,-19.7
2017-10-19,Diwali (Deepavali),137.4,158.7,-13.4
2017-11-01,Karnataka Rajyotsava,168.1,170.7,-1.5
2017-11-04,Guru Nanak's Jayanti,186.9,171.5,8.9
2017-12-02,Milad-un-Nabi,183.2,197.7,-7.3
2017-12-25,Christmas,196.3,197.2,-0.4
2018-01-26,Republic Day,198.1,211.9,-6.5
2018-02-13,Maha Shivaratri,214.5,216.9,-1.1
2018-03-02,Holi,223.2,218.1,2.3
2018-03-18,Ugadi,185.2,212.2,-12.7
2018-03-29,Mahavir Jayanti,238.8,223.4,6.9
2018-03-30,Good Friday,228.9,222.0,3.1
2018-04-14,Dr. B. R. Ambedkar's Jayanti,226.6,217.2,4.4
2018-04-30,Buddha Purnima,215.5,197.7,9.0
2018-06-16,Id-ul-Fitr,168.8,167.3,0.9
2018-08-15,Independence Day,147.6,185.9,-20.6
2018-09-03,Janmashtami (Vaishnava),184.4,185.0,-0.3
2018-09-21,Muharram,199.2,192.7,3.4
2018-10-02,Mahatma Gandhi's Jayanti,168.7,196.9,-14.3
2018-10-19,Dussehra,149.6,198.4,-24.6
2018-11-01,Karnataka Rajyotsava,206.2,194.7,5.9
2018-11-07,Diwali (Deepavali),205.4,203.4,1.0
2018-11-21,Milad-un-Nabi,205.3,211.9,-3.1
2018-11-23,Guru Nanak's Jayanti,192.8,211.6,-8.9
2018-12-25,Christmas,206.8,204.7,1.0
2019-01-26,Republic Day,202.8,214.4,-5.4
2019-03-04,Maha Shivaratri,237.1,234.6,1.1
2019-03-21,Holi,247.6,245.0,1.1
2019-04-06,Ugadi,226.7,242.0,-6.3
2019-04-13,Ram Navami,237.8,238.5,-0.3
2019-04-14,Dr. B. R. Ambedkar's Jayanti,223.6,223.8,-0.1
2019-04-17,Mahavir Jayanti,241.5,228.8,5.5
2019-04-19,Good Friday,220.7,240.6,-8.3
2019-05-18,Buddha Purnima,220.9,211.2,4.6
2019-06-05,Id-ul-Fitr,199.3,207.8,-4.1
2019-08-12,Id-ul-Zuha (Bakrid),154.5,170.2,-9.2
2019-08-15,Independence Day,149.9,170.9,-12.3
2019-08-24,Janmashtami (Vaishnava),160.0,172.4,-7.2
2019-09-10,Muharram,191.6,171.9,11.5
2019-10-02,Mahatma Gandhi's Jayanti,157.0,162.9,-3.6
2019-10-08,Dussehra,137.1,161.7,-15.2
2019-10-27,Diwali (Deepavali),132.6,146.0,-9.2
2019-11-01,Karnataka Rajyotsava,121.0,164.7,-26.6
2019-11-10,Milad-un-Nabi,155.8,156.6,-0.5
2019-11-12,Guru Nanak's Jayanti,173.2,165.9,4.4
2019-12-25,Christmas,204.1,201.3,1.4
2020-01-26,Republic Day,214.7,209.6,2.4
2020-03-10,Holi,248.6,241.5,2.9
2020-03-25,Ugadi,214.9,230.2,-6.6
2020-04-02,Ram Navami,226.7,223.7,1.4
2020-04-06,Mahavir Jayanti,199.8,221.3,-9.7
2020-04-10,Good Friday,184.1,216.2,-14.8
2020-04-14,Dr. B. R. Ambedkar's Jayanti,208.4,208.8,-0.2
2020-05-07,Buddha Purnima,205.2,203.0,1.1
2020-05-25,Id-ul-Fitr,200.9,182.1,10.3
2020-08-01,Id-ul-Zuha (Bakrid),156.6,151.3,3.5
2020-08-15,Independence Day,150.2,154.6,-2.8
2020-08-30,Muharram,184.2,145.7,26.4
2020-10-25,Dussehra,135.1,147.2,-8.2
2020-11-14,Diwali (Deepavali),171.9,175.6,-2.1
2020-11-30,Guru Nanak's Jayanti,187.6,186.7,0.5
2020-12-25,Christmas,210.0,197.6,6.3
2021-01-26,Republic Day,219.3,220.1,-0.4
2021-03-29,Holi,261.0,259.9,0.4
2021-04-02,Good Friday,277.1,256.2,8.2
2021-04-13,Ugadi,242.6,247.9,-2.1
2021-04-14,Dr. B. R. Ambedkar's Jayanti,230.7,250.2,-7.8
2021-04-21,Ram Navami,238.8,234.0,2.0
2021-04-25,Mahavir Jayanti,200.2,216.3,-7.5
2021-05-14,Id-ul-Fitr,180.9,193.4,-6.5
2021-05-26,Buddha Purnima,171.3,182.5,-6.1
2021-07-21,Id-ul-Zuha (Bakrid),140.8,188.8,-25.4
2021-08-15,Independence Day,181.8,162.4,11.9
2021-08-19,Muharram,191.9,188.6,1.8
2021-08-30,Janmashtami (Vaishnava),167.7,189.3,-11.4
2021-10-02,Mahatma Gandhi's Jayanti,170.4,184.6,-7.7
2021-10-19,Milad-un-Nabi,180.2,178.8,0.8
2021-11-01,Karnataka Rajyotsava,164.5,166.5,-1.2
2021-11-04,Diwali (Deepavali),173.4,168.6,2.8
2021-11-19,Guru Nanak's Jayanti,146.6,165.2,-11.3
2021-12-25,Christmas,199.0,190.6,4.4
2022-01-26,Republic Day,224.3,236.5,-5.2
2022-03-01,Maha Shivaratri,267.7,262.6,1.9
2022-03-18,Holi,277.5,272.5,1.8
2022-04-02,Ugadi,252.7,253.9,-0.5
2022-04-14,Dr. B. R. Ambedkar's Jayanti; Mahavir Jayanti,236.1,252.2,-6.4
2022-04-15,Good Friday,213.2,254.8,-16.3
2022-05-03,Id-ul-Fitr,241.1,218.4,10.4
2022-05-16,Buddha Purnima,202.2,214.2,-5.6
2022-07-10,Id-ul-Zuha (Bakrid),135.9,168.8,-19.5
2022-08-09,Muharram,151.4,181.2,-16.5
2022-08-15,Independence Day,158.2,177.1,-10.7
2022-08-19,Janmashtami (Vaishnava),226.9,179.7,26.3
2022-10-02,Mahatma Gandhi's Jayanti,149.2,158.5,-5.9
2022-10-05,Dussehra,154.4,181.4,-14.9
2022-10-09,Milad-un-Nabi,170.5,165.7,2.9
2022-10-24,Diwali (Deepavali),152.1,182.8,-16.8
2022-11-01,Karnataka Rajyotsava,174.8,184.3,-5.2
2022-11-08,Guru Nanak's Jayanti,203.9,189.6,7.5
2022-12-25,Christmas,196.8,198.4,-0.8
2023-01-26,Republic Day,233.1,250.4,-6.9
2023-03-08,Holi,278.9,287.1,-2.9
2023-03-22,Ugadi,268.9,295.0,-8.9
2023-04-04,Mahavir Jayanti,288.6,294.3,-1.9
2023-04-07,Good Friday,277.1,287.3,-3.6
2023-04-14,Dr. B. R. Ambedkar's Jayanti,299.3,292.6,2.3
2023-04-22,Id-ul-Fitr,278.4,266.1,4.6
2023-05-05,Buddha Purnima,253.1,269.2,-6.0
2023-06-29,Id-ul-Zuha (Bakrid),228.6,232.9,-1.9
2023-07-29,Muharram,173.6,226.9,-23.5
2023-08-15,Independence Day,258.0,230.7,11.8
2023-09-07,Janmashtami (Vaishnava),223.3,274.5,-18.7
2023-09-28,Milad-un-Nabi,236.7,263.2,-10.1
2023-10-02,Mahatma Gandhi's Jayanti,214.4,247.3,-13.3
2023-10-24,Dussehra,248.2,245.2,1.2
2023-11-01,Karnataka Rajyotsava,253.6,251.3,0.9
2023-11-12,Diwali (Deepavali),195.9,243.2,-19.4
2023-11-27,Guru Nanak's Jayanti,249.7,238.9,4.5
2023-12-25,Christmas,254.0,252.9,0.4
2024-01-26,Republic Day,273.0,286.4,-4.7
2024-03-25,Holi,318.1,324.1,-1.8
2024-03-29,Good Friday,330.9,323.7,2.2
2024-04-09,Ugadi,312.9,323.1,-3.1
2024-04-11,Id-ul-Fitr,319.4,325.2,-1.8
2024-04-14,Dr. B. R. Ambedkar's Jayanti,287.4,311.1,-7.6
2024-04-17,Ram Navami,328.3,324.7,1.1
2024-04-21,Mahavir Jayanti,272.6,311.8,-12.6
